"FullName","LastWriteTime"
"C:\Users\gonjy\Projects\Private\PatrolSpectatorPlugin\target","2025/12/20 17:46:26"
"C:\Users\gonjy\Projects\Private\PatrolSpectatorPlugin\pom.xml","2025/12/20 17:46:05"
"C:\Users\gonjy\Projects\Private\PatrolSpectatorPlugin\src\main\java\dev\gonjy\patrolspectator\EngagementSystem.java","2025/12/20 17:43:17"
"C:\Users\gonjy\Projects\Private\PatrolSpectatorPlugin\src\main\java\dev\gonjy\patrolspectator\PatrolSpectatorPlugin.java","2025/12/20 17:46:03"
"C:\Users\gonjy\Projects\Private\PatrolSpectatorPlugin\src\main\resources\plugin.yml","2025/12/20 17:46:07"
"C:\Users\gonjy\Projects\Private\PatrolSpectatorPlugin\src\main\resources\tourist_locations.yml","2025/12/20 16:56:36"
"C:\Users\gonjy\Projects\Private\PatrolSpectatorPlugin\target\classes","2025/12/20 17:46:23"
"C:\Users\gonjy\Projects\Private\PatrolSpectatorPlugin\target\generated-sources","2025/12/20 17:46:22"
"C:\Users\gonjy\Projects\Private\PatrolSpectatorPlugin\target\generated-test-sources","2025/12/20 17:46:24"
"C:\Users\gonjy\Projects\Private\PatrolSpectatorPlugin\target\maven-archiver","2025/12/20 17:46:25"
"C:\Users\gonjy\Projects\Private\PatrolSpectatorPlugin\target\maven-status","2025/12/20 17:46:22"
"C:\Users\gonjy\Projects\Private\PatrolSpectatorPlugin\target\test-classes","2025/12/20 17:46:25"
"C:\Users\gonjy\Projects\Private\PatrolSpectatorPlugin\target\original-PatrolSpectatorPlugin-1.9.42.jar","2025/12/20 17:46:25"
"C:\Users\gonjy\Projects\Private\PatrolSpectatorPlugin\target\PatrolSpectatorPlugin-1.9.42.jar","2025/12/20 17:46:26"
"C:\Users\gonjy\Projects\Private\PatrolSpectatorPlugin\target\classes\dev","2025/12/20 17:46:23"
"C:\Users\gonjy\Projects\Private\PatrolSpectatorPlugin\target\classes\plugin.yml","2025/12/20 17:46:07"
"C:\Users\gonjy\Projects\Private\PatrolSpectatorPlugin\target\classes\tourist_locations.yml","2025/12/20 16:56:36"
"C:\Users\gonjy\Projects\Private\PatrolSpectatorPlugin\target\classes\dev\gonjy","2025/12/20 17:46:23"
"C:\Users\gonjy\Projects\Private\PatrolSpectatorPlugin\target\classes\dev\gonjy\patrolspectator","2025/12/20 17:46:24"
"C:\Users\gonjy\Projects\Private\PatrolSpectatorPlugin\target\classes\dev\gonjy\patrolspectator\AutoEventSystem.class","2025/12/20 17:46:24"
"C:\Users\gonjy\Projects\Private\PatrolSpectatorPlugin\target\classes\dev\gonjy\patrolspectator\AutoEventSystem$1.class","2025/12/20 17:46:24"
"C:\Users\gonjy\Projects\Private\PatrolSpectatorPlugin\target\classes\dev\gonjy\patrolspectator\BountyCommand.class","2025/12/20 17:46:24"
"C:\Users\gonjy\Projects\Private\PatrolSpectatorPlugin\target\classes\dev\gonjy\patrolspectator\BountyData.class","2025/12/20 17:46:23"
"C:\Users\gonjy\Projects\Private\PatrolSpectatorPlugin\target\classes\dev\gonjy\patrolspectator\BountyManager.class","2025/12/20 17:46:23"
"C:\Users\gonjy\Projects\Private\PatrolSpectatorPlugin\target\classes\dev\gonjy\patrolspectator\DiscordListener.class","2025/12/20 17:46:24"
"C:\Users\gonjy\Projects\Private\PatrolSpectatorPlugin\target\classes\dev\gonjy\patrolspectator\DiscordWebhookClient.class","2025/12/20 17:46:24"
"C:\Users\gonjy\Projects\Private\PatrolSpectatorPlugin\target\classes\dev\gonjy\patrolspectator\EndGameManager.class","2025/12/20 17:46:24"
"C:\Users\gonjy\Projects\Private\PatrolSpectatorPlugin\target\classes\dev\gonjy\patrolspectator\EndResetManager.class","2025/12/20 17:46:24"
"C:\Users\gonjy\Projects\Private\PatrolSpectatorPlugin\target\classes\dev\gonjy\patrolspectator\EngagementSystem.class","2025/12/20 17:46:24"
"C:\Users\gonjy\Projects\Private\PatrolSpectatorPlugin\target\classes\dev\gonjy\patrolspectator\GameModeEnforcer.class","2025/12/20 17:46:23"
"C:\Users\gonjy\Projects\Private\PatrolSpectatorPlugin\target\classes\dev\gonjy\patrolspectator\MessageUtils.class","2025/12/20 17:46:24"
"C:\Users\gonjy\Projects\Private\PatrolSpectatorPlugin\target\classes\dev\gonjy\patrolspectator\ParticipationManager.class","2025/12/20 17:46:24"
"C:\Users\gonjy\Projects\Private\PatrolSpectatorPlugin\target\classes\dev\gonjy\patrolspectator\ParticipationManager$Entry.class","2025/12/20 17:46:24"
"C:\Users\gonjy\Projects\Private\PatrolSpectatorPlugin\target\classes\dev\gonjy\patrolspectator\PatrolCommand.class","2025/12/20 17:46:24"
"C:\Users\gonjy\Projects\Private\PatrolSpectatorPlugin\target\classes\dev\gonjy\patrolspectator\PatrolManager.class","2025/12/20 17:46:24"
"C:\Users\gonjy\Projects\Private\PatrolSpectatorPlugin\target\classes\dev\gonjy\patrolspectator\PatrolSpectatorPlugin.class","2025/12/20 17:46:23"
"C:\Users\gonjy\Projects\Private\PatrolSpectatorPlugin\target\classes\dev\gonjy\patrolspectator\PatrolSpectatorPlugin$SoundConf.class","2025/12/20 17:46:23"
"C:\Users\gonjy\Projects\Private\PatrolSpectatorPlugin\target\classes\dev\gonjy\patrolspectator\PatrolSpectatorPlugin$TitleConf.class","2025/12/20 17:46:23"
"C:\Users\gonjy\Projects\Private\PatrolSpectatorPlugin\target\classes\dev\gonjy\patrolspectator\PatrolSpectatorPlugin$TourConf.class","2025/12/20 17:46:23"
"C:\Users\gonjy\Projects\Private\PatrolSpectatorPlugin\target\classes\dev\gonjy\patrolspectator\PlayerStatsStorage.class","2025/12/20 17:46:24"
"C:\Users\gonjy\Projects\Private\PatrolSpectatorPlugin\target\classes\dev\gonjy\patrolspectator\ProtectionData.class","2025/12/20 17:46:24"
"C:\Users\gonjy\Projects\Private\PatrolSpectatorPlugin\target\classes\dev\gonjy\patrolspectator\RankingDisplaySystem.class","2025/12/20 17:46:24"
"C:\Users\gonjy\Projects\Private\PatrolSpectatorPlugin\target\classes\dev\gonjy\patrolspectator\RankingEventListener.class","2025/12/20 17:46:24"
"C:\Users\gonjy\Projects\Private\PatrolSpectatorPlugin\target\classes\dev\gonjy\patrolspectator\Ticks.class","2025/12/20 17:46:23"
"C:\Users\gonjy\Projects\Private\PatrolSpectatorPlugin\target\classes\dev\gonjy\patrolspectator\TouristLocation.class","2025/12/20 17:46:23"
"C:\Users\gonjy\Projects\Private\PatrolSpectatorPlugin\target\classes\dev\gonjy\patrolspectator\YouTubeChatListener.class","2025/12/20 17:46:24"
"C:\Users\gonjy\Projects\Private\PatrolSpectatorPlugin\target\classes\dev\gonjy\patrolspectator\YouTubeManager.class","2025/12/20 17:46:24"
"C:\Users\gonjy\Projects\Private\PatrolSpectatorPlugin\target\generated-sources\annotations","2025/12/20 17:46:22"
"C:\Users\gonjy\Projects\Private\PatrolSpectatorPlugin\target\generated-test-sources\test-annotations","2025/12/20 17:46:24"
"C:\Users\gonjy\Projects\Private\PatrolSpectatorPlugin\target\maven-archiver\pom.properties","2025/12/20 17:46:25"
"C:\Users\gonjy\Projects\Private\PatrolSpectatorPlugin\target\maven-status\maven-compiler-plugin","2025/12/20 17:46:24"
"C:\Users\gonjy\Projects\Private\PatrolSpectatorPlugin\target\maven-status\maven-compiler-plugin\compile","2025/12/20 17:46:22"
"C:\Users\gonjy\Projects\Private\PatrolSpectatorPlugin\target\maven-status\maven-compiler-plugin\testCompile","2025/12/20 17:46:24"
"C:\Users\gonjy\Projects\Private\PatrolSpectatorPlugin\target\maven-status\maven-compiler-plugin\compile\default-compile","2025/12/20 17:46:24"
"C:\Users\gonjy\Projects\Private\PatrolSpectatorPlugin\target\maven-status\maven-compiler-plugin\compile\default-compile\createdFiles.lst","2025/12/20 17:46:24"
"C:\Users\gonjy\Projects\Private\PatrolSpectatorPlugin\target\maven-status\maven-compiler-plugin\compile\default-compile\inputFiles.lst","2025/12/20 17:46:22"
"C:\Users\gonjy\Projects\Private\PatrolSpectatorPlugin\target\maven-status\maven-compiler-plugin\testCompile\default-testCompile","2025/12/20 17:46:25"
"C:\Users\gonjy\Projects\Private\PatrolSpectatorPlugin\target\maven-status\maven-compiler-plugin\testCompile\default-testCompile\createdFiles.lst","2025/12/20 17:46:25"
"C:\Users\gonjy\Projects\Private\PatrolSpectatorPlugin\target\maven-status\maven-compiler-plugin\testCompile\default-testCompile\inputFiles.lst","2025/12/20 17:46:24"
"C:\Users\gonjy\Projects\Private\PatrolSpectatorPlugin\target\test-classes\dev","2025/12/20 17:46:25"
"C:\Users\gonjy\Projects\Private\PatrolSpectatorPlugin\target\test-classes\dev\gonjy","2025/12/20 17:46:25"
"C:\Users\gonjy\Projects\Private\PatrolSpectatorPlugin\target\test-classes\dev\gonjy\patrolspectator","2025/12/20 17:46:25"
"C:\Users\gonjy\Projects\Private\PatrolSpectatorPlugin\target\test-classes\dev\gonjy\patrolspectator\AutoEventSystemTest.class","2025/12/20 17:46:25"
"C:\Users\gonjy\Projects\Private\PatrolSpectatorPlugin\target\test-classes\dev\gonjy\patrolspectator\GameModeEnforcerTest.class","2025/12/20 17:46:25"
"C:\Users\gonjy\Projects\Private\PatrolSpectatorPlugin\target\test-classes\dev\gonjy\patrolspectator\ParticipationManagerTest.class","2025/12/20 17:46:25"
"C:\Users\gonjy\Projects\Private\PatrolSpectatorPlugin\target\test-classes\dev\gonjy\patrolspectator\TouristLocationTest.class","2025/12/20 17:46:25"
